Ticker,Setor
PETR4,Petróleo Gás e Biocombustíveis
PETR3,Petróleo Gás e Biocombustíveis
PRIO3,Petróleo Gás e Biocombustíveis
CSAN3,Petróleo Gás e Biocombustíveis
UGPA3,Petróleo Gás e Biocombustíveis
VALE3,Materiais Básicos
SUZB3,Materiais Básicos
GGBR4,Materiais Básicos
KLBN11,Materiais Básicos
CSNA3,Materiais Básicos
USIM5,Materiais Básicos
ITUB4,Financeiro
BBDC4,Financeiro
BBDC3,Financeiro
BBAS3,Financeiro
SANB11,Financeiro
B3SA3,Financeiro
BBSE3,Financeiro
MULT3,Financeiro
IGTI11,Financeiro
ABEV3,Consumo Não Cíclico
JBSS3,Consumo Não Cíclico
BRFS3,Consumo Não Cíclico
CRFB3,Consumo Não Cíclico
ASAI3,Consumo Não Cíclico
WEGE3,Bens Industriais
RAIL3,Bens Industriais
EMBR3,Bens Industriais
CCRO3,Bens Industriais
AZUL4,Bens Industriais
GOLL4,Bens Industriais
ELET3,Utilidade Pública
ELET6,Utilidade Pública
EQTL3,Utilidade Pública
SBSP3,Utilidade Pública
CMIG4,Utilidade Pública
CPLE6,Utilidade Pública
ENEV3,Utilidade Pública
RENT3,Consumo Cíclico
LREN3,Consumo Cíclico
MGLU3,Consumo Cíclico
NTCO3,Consumo Cíclico
YDUQ3,Consumo Cíclico
COGN3,Consumo Cíclico
CVCB3,Consumo Cíclico
RADL3,Saúde
HAPV3,Saúde
FLRY3,Saúde
RDOR3,Saúde
VIVT3,Comunicações
TIMS3,Comunicações
TOTS3,Tecnologia da Informação
AALR3,A DEFINIR
ABCB4,A DEFINIR
AERI3,A DEFINIR
AESB3,A DEFINIR
ALOS3,A DEFINIR
ALPA4,A DEFINIR
ALSC3,A DEFINIR
ALSO3,A DEFINIR
ALUP11,A DEFINIR
AMAR3,A DEFINIR
AMBP3,A DEFINIR
AMER3,A DEFINIR
ANIM3,A DEFINIR
ARTR3,A DEFINIR
ARZZ3,A DEFINIR
AURE3,A DEFINIR
AXIA3,A DEFINIR
AXIA6,A DEFINIR
AXIA7,A DEFINIR
AZZA3,A DEFINIR
BBTG11,A DEFINIR
BEEF3,A DEFINIR
BHIA3,A DEFINIR
BIDI11,A DEFINIR
BIDI4,A DEFINIR
BKBR3,A DEFINIR
BMGB11,A DEFINIR
BMOB3,A DEFINIR
BPAC11,A DEFINIR
BPAN4,A DEFINIR
BPHA3,A DEFINIR
BRAP4,A DEFINIR
BRAV3,A DEFINIR
BRDT3,A DEFINIR
BRKM5,A DEFINIR
BRML3,A DEFINIR
BRPR3,A DEFINIR
BRSR6,A DEFINIR
BTOW3,A DEFINIR
BVMF3,A DEFINIR
CAML3,A DEFINIR
CARD3,A DEFINIR
CASH3,A DEFINIR
CBAV3,A DEFINIR
CEAB3,A DEFINIR
CESP6,A DEFINIR
CGAS5,A DEFINIR
CIEL3,A DEFINIR
CLSA3,A DEFINIR
CMIG3,A DEFINIR
CMIN3,A DEFINIR
CNTO3,A DEFINIR
CPFE3,A DEFINIR
CPLE3,A DEFINIR
CPLE5,A DEFINIR
CPRE3,A DEFINIR
CSMG3,A DEFINIR
CTIP3,A DEFINIR
CURY3,A DEFINIR
CXSE3,A DEFINIR
CYRE3,A DEFINIR
DIRR3,A DEFINIR
DMMO3,A DEFINIR
DTEX3,A DEFINIR
DXCO3,A DEFINIR
ECOR3,A DEFINIR
EGIE3,A DEFINIR
ELPL3,A DEFINIR
ELPL4,A DEFINIR
EMBJ3,A DEFINIR
ENAT3,A DEFINIR
ENBR3,A DEFINIR
ENGI11,A DEFINIR
ESPA3,A DEFINIR
ESTC3,A DEFINIR
ETER3,A DEFINIR
EVEN3,A DEFINIR
EZTC3,A DEFINIR
FHER3,A DEFINIR
FIBR3,A DEFINIR
FJTA4,A DEFINIR
GFSA3,A DEFINIR
GGBR3,A DEFINIR
GGPS3,A DEFINIR
GMAT3,A DEFINIR
GNDI3,A DEFINIR
GOAU4,A DEFINIR
GRND3,A DEFINIR
GUAR3,A DEFINIR
HBOR3,A DEFINIR
HBSA3,A DEFINIR
HGTX3,A DEFINIR
HYPE3,A DEFINIR
IGTA3,A DEFINIR
INTB3,A DEFINIR
IRBR3,A DEFINIR
ISAE4,A DEFINIR
ITSA3,A DEFINIR
ITSA4,A DEFINIR
ITUB3,A DEFINIR
JHSF3,A DEFINIR
KEPL3,A DEFINIR
KROT3,A DEFINIR
LAME3,A DEFINIR
LAME4,A DEFINIR
LCAM3,A DEFINIR
LEVE3,A DEFINIR
LIGT3,A DEFINIR
LINX3,A DEFINIR
LJQQ3,A DEFINIR
LLIS3,A DEFINIR
LOGN3,A DEFINIR
LWSA3,A DEFINIR
MAGG3,A DEFINIR
MBRF3,A DEFINIR
MDIA3,A DEFINIR
MEAL3,A DEFINIR
MEGA3,A DEFINIR
MILS3,A DEFINIR
MOSI3,A DEFINIR
MOTV3,A DEFINIR
MOVI3,A DEFINIR
MPLU3,A DEFINIR
MRFG3,A DEFINIR
MRVE3,A DEFINIR
MYPK3,A DEFINIR
NATU3,A DEFINIR
NEOE3,A DEFINIR
NGRD3,A DEFINIR
ODPV3,A DEFINIR
OIBR3,A DEFINIR
OIBR4,A DEFINIR
OMGE3,A DEFINIR
ONCO3,A DEFINIR
ORVR3,A DEFINIR
PARC3,A DEFINIR
PARD3,A DEFINIR
PCAR3,A DEFINIR
PCAR4,A DEFINIR
PDGR3,A DEFINIR
PETZ3,A DEFINIR
PGMN3,A DEFINIR
POMO4,A DEFINIR
PORT3,A DEFINIR
POSI3,A DEFINIR
PRBC4,A DEFINIR
PSSA3,A DEFINIR
PTBL3,A DEFINIR
QGEP3,A DEFINIR
QUAL3,A DEFINIR
RAIZ4,A DEFINIR
RAPT4,A DEFINIR
RECV3,A DEFINIR
ROMI3,A DEFINIR
RRRP3,A DEFINIR
RSID3,A DEFINIR
RUMO3,A DEFINIR
SAPR11,A DEFINIR
SAPR4,A DEFINIR
SBFG3,A DEFINIR
SEDU3,A DEFINIR
SEER3,A DEFINIR
SEQL3,A DEFINIR
SIMH3,A DEFINIR
SLCE3,A DEFINIR
SMFT3,A DEFINIR
SMLE3,A DEFINIR
SMLS3,A DEFINIR
SMTO3,A DEFINIR
SOMA3,A DEFINIR
SQIA3,A DEFINIR
SRNA3,A DEFINIR
STBP3,A DEFINIR
SULA11,A DEFINIR
SUZB5,A DEFINIR
SYNE3,A DEFINIR
TAEE11,A DEFINIR
TASA4,A DEFINIR
TBLE3,A DEFINIR
TCSA3,A DEFINIR
TEND3,A DEFINIR
TGMA3,A DEFINIR
TIET11,A DEFINIR
TIMP3,A DEFINIR
TPIS3,A DEFINIR
TRPL4,A DEFINIR
TTEN3,A DEFINIR
TUPY3,A DEFINIR
UNIP6,A DEFINIR
VALE5,A DEFINIR
VAMO3,A DEFINIR
VBBR3,A DEFINIR
VIIA3,A DEFINIR
VIVA3,A DEFINIR
VIVR3,A DEFINIR
VIVT4,A DEFINIR
VLID3,A DEFINIR
VULC3,A DEFINIR
VVAR11,A DEFINIR
VVAR3,A DEFINIR
WIZS3,A DEFINIR
